[ 
{
  "Name": "01",
  "Username": "correcto",
  "Password": "correcto"

      }  ,

      {
        "name": "02",
        "Username": "correcto",
        "Password": "Incorrecto"
            }  ,


            {
              "name": "03",
              "Username": "incorrecto",
              "Password": "correcto"
                  }  ,
      


                  {
                    "name": "04",
                    "Username": "incorrecto",
                    "Password": "incorrecto"
                        }  
                      ]