[ 
{
  "zip": "77084",
  "vim": "1N6ED27TX2C366147",
   "password":"mcysjm1983",
  "nombre":"DA",
  "apellido":"Caruana Karanovich",
   "email":"LM00+34DD@gmail.com",
  "telnum":"9999994322",
  "dir":"15915 Red Willow Dr",
   "card": "3445DDRR454",
   "tdc":"36438999960016",
   "fecha":"0728"
      }  ,

      {
        "zip": "77084",
        "vim": "1N6ED27TX2C366147",
         "password":"mcysjm1983",
        "nombre":"DA",
        "apellido":"Caruana Karanovich",
         "email":"LM00+34DD@gmail.com",
        "telnum":"9999994322",
        "dir":"15915 Red Willow Dr",
         "card": "3445DDRR454",
         "tdc":"36438999960016",
         "fecha":"0728"
            }  ,


            {
              "zip": "77084",
              "vim": "1N6ED27TX2C366147",
               "password":"mcysjm1983",
              "nombre":"DA",
              "apellido":"Caruana Karanovich",
               "email":"LM00+34DD@gmail.com",
              "telnum":"9999994322",
              "dir":"15915 Red Willow Dr",
               "card": "3445DDRR454",
               "tdc":"36438999960016",
               "fecha":"0728"
                  }  ,
      


                  {
                    "zip": "77084",
                    "vim": "1N6ED27TX2C366147",
                     "password":"mcysjm1983",
                    "nombre":"DA",
                    "apellido":"Caruana Karanovich",
                     "email":"LM00+34DD@gmail.com",
                    "telnum":"9999994322",
                    "dir":"15915 Red Willow Dr",
                     "card": "3445DDRR454",
                     "tdc":"36438999960016",
                     "fecha":"0728"
                        }  
                      ]