[
  {
    "firstname": "Jorge0",
    "lastname": "Monte Carlo0",
    "email": "yyyyy@gmail.com",
    "tel": "25445474555",
    "sub": "pruebas",
    "ca": "pruebas dos"
  },
  {
    "firstname": "Jorge1",
    "lastname": "Monte Carlo",
    "email": "yyyyy@gmail.com",
    "tel": "25445474555",
    "sub": "pruebas",
    "ca": "pruebas dos"
  },
  {
    "firstname": "Jorge2",
    "lastname": "Monte Carlo",
    "email": "yyyyy@gmail.com",
    "tel": "25445474555",
    "sub": "pruebas",
    "ca": "pruebas dos"
  },
  {
    "firstname": "Jorge3",
    "lastname": "Monte Carlo",
    "email": "yyyyy@gmail.com",
    "tel": "25445474555",
    "sub": "pruebas",
    "ca": "pruebas dos"
  },
  {
    "firstname": "Jorge4",
    "lastname": "Monte Carlo",
    "email": "yyyyy@gmail.com",
    "tel": "25445474555",
    "sub": "pruebas",
    "ca": "pruebas dos"
  }
]
